{
	"organic": [
		"additive-free",
		"food-safe",
		"harvest",
		"organic-01",
		"organic-02",
		"organic-03",
		"healthy-lifestyle",
		"gmo-non",
		"certificate-food"
	],

	"charityfy": [
		"award-medals",
		"brain",
		"chart-target",
		"company",
		"education-hat",
		"handshake",
		"programing",
		"inovation",
		"phone-old",
		"team-people",
		"worldwide-map"
	],

	"crafty": [
		"albums",
		"heart-fashion",
		"hand-five",
		"newsletter",
		"price-tag",
		"repeat-cycle",
		"time-sand"
	],

	"nick": [
		"balloons",
		"cube",
		"education",
		"Health_Care",
		"Healthsvg",
		"Human_Rights",
		"Little_Finger",
		"payment",
		"Security-Network",
		"security-grid",
		"stars"
	],

	"gast": [
		"transport",
		"fireplace",
		"pool-ball",
		"ski",
		"swimming-pool",
		"food-waiter",
		"drinks"
	],

	"byra": [
		"transform",
		"Award-badge",
		"Award-badge2",
		"Award-computer",
		"Award",
		"Creative-idea",
		"Experience",
		"Hand-drag",
		"Interactivity",
		"Motion-abstract",
		"Programming",
		"Prototyping",
		"Smart-lens",
		"Workflow",
		"creative-design",
		"creative-research",
		"creative-seo"
	],

	"komo": [
		"audio-guide",
		"bike-lock",
		"helmet",
		"bike-parking",
		"bike",
		"bike-basket"
	],

	"clany": [
		"cleaning",
		"like-stars",
		"eco",
		"saving"
	],

	"mann": [
		"drink-party",
		"meal",
		"coffe-cup"
	],

	"music": [
		"Amazon",
		"Apple",
		"Deezer",
		"GooglePlay",
		"Soundcloud",
		"Spotify",
		"bandcamp",
		"mixcloud",
		"last-fm"
	],

	"morz": [
		"delivery-tracking",
		"package-checklist",
		"package-load",
		"package-search",
		"package-tracking",
		"package-warranty",
		"worldwide-shipping",
		"airplane",
		"clipboard",
		"container",
		"delivery-confirm",
		"delivery-time",
		"forklift",
		"package-accept",
		"shipping"
	],

	"alis": [
		"ornament-elegance",
		"ornament-pattern",
		"ornament-geometric",
		"flower-wreath",
		"flower-left",
		"flower-right",
		"flower2",
		"flower3",
		"flower4",
		"flower5",
		"flower6",
		"gift",
		"rings"
	],

	"pur": [
		"ornament-waves",
		"spa-body-massage",
		"spa-drop",
		"spa-face-massage",
		"spa-foot-massage",
		"spa-head-massage",
		"spa-oils",
		"spa-stones"
	],

	"nex": [
		"bridge",
		"cogs",
		"oil-platform",
		"piston",
		"screwdriver-wrench",
		"truck"
	],

	"landscaping": [
		"tree",
		"chemical",
		"leaf-blower",
		"mower",
		"water",
		"buildings",
		"flowers",
		"gardener",
		"house-trees",
		"pot",
		"trowel",
		"gardener-young",
		"leaves"
	],

	"consulting": [
		"Business-Man",
		"Business-Group",
		"communications",
		"documents",
		"ideas",
		"business-folder",
		"business-money-tax",
		"business-money",
		"business-money-Idea",
		"business-money-search",
		"business-money-secure",
		"business-money-up",
		"business-money-down",
		"business-strategy",
		"business-stats",
		"business-real-estate"
	],

	"tattoo": [
		"ear",
		"facial",
		"genital",
		"king",
		"lips",
		"makeup",
		"oral",
		"tatto-heart",
		"tattoo",
		"tatto-star2",
		"tatto-star"
	]
}
