{"unrestricted_editing":{"administrator":true,"editor":true,"author":true,"contributor":true,"wpseo_manager":true,"wpseo_editor":true,"shop_manager":true},"global_node_editing":{"administrator":true,"editor":true,"author":true,"contributor":true,"wpseo_manager":true,"wpseo_editor":true,"shop_manager":true},"builder_admin":{"administrator":true,"editor":true,"author":true,"contributor":true,"wpseo_manager":true,"wpseo_editor":true,"shop_manager":true},"template_data_exporter":{"administrator":true,"editor":true,"author":true,"contributor":true,"wpseo_manager":true,"wpseo_editor":true,"shop_manager":true},"builder_access":{"administrator":true,"editor":true,"author":true,"contributor":true,"wpseo_manager":true,"wpseo_editor":true,"shop_manager":true},"fl_builder_advanced_options":{"editor":false,"author":false,"contributor":false,"wpseo_manager":false,"wpseo_editor":false,"shop_manager":false}}