{"row_width_default":"full","row_content_width_default":"fixed","responsive_enabled":"1","auto_spacing":"1","large_breakpoint":"1200","medium_breakpoint":"992","responsive_breakpoint":"768","responsive_preview":"0","responsive_col_max_width":"1","responsive_base_fontsize":"16","shape_form":[{"0":""}],"row_margins_top":"0","row_margins_unit":"px","row_margins_top_large":"","row_margins_large_unit":"px","row_margins_top_medium":"","row_margins_medium_unit":"px","row_margins_top_responsive":"","row_margins_responsive_unit":"px","row_margins_right":"0","row_margins_right_large":"","row_margins_right_medium":"","row_margins_right_responsive":"","row_margins_bottom":"0","row_margins_bottom_large":"","row_margins_bottom_medium":"","row_margins_bottom_responsive":"","row_margins_left":"0","row_margins_left_large":"","row_margins_left_medium":"","row_margins_left_responsive":"","row_padding_top":"20","row_padding_unit":"px","row_padding_top_large":"","row_padding_large_unit":"px","row_padding_top_medium":"","row_padding_medium_unit":"px","row_padding_top_responsive":"10","row_padding_responsive_unit":"px","row_padding_right":"20","row_padding_right_large":"","row_padding_right_medium":"","row_padding_right_responsive":"10","row_padding_bottom":"20","row_padding_bottom_large":"","row_padding_bottom_medium":"","row_padding_bottom_responsive":"10","row_padding_left":"20","row_padding_left_large":"","row_padding_left_medium":"","row_padding_left_responsive":"10","column_margins_top":"","column_margins_unit":"px","column_margins_top_large":"","column_margins_large_unit":"px","column_margins_top_medium":"","column_margins_medium_unit":"px","column_margins_top_responsive":"","column_margins_responsive_unit":"px","column_margins_right":"","column_margins_right_large":"","column_margins_right_medium":"","column_margins_right_responsive":"","column_margins_bottom":"","column_margins_bottom_large":"","column_margins_bottom_medium":"","column_margins_bottom_responsive":"","column_margins_left":"","column_margins_left_large":"","column_margins_left_medium":"","column_margins_left_responsive":"","column_padding_top":"","column_padding_unit":"px","column_padding_top_large":"","column_padding_large_unit":"px","column_padding_top_medium":"","column_padding_medium_unit":"px","column_padding_top_responsive":"","column_padding_responsive_unit":"px","column_padding_right":"","column_padding_right_large":"","column_padding_right_medium":"","column_padding_right_responsive":"","column_padding_bottom":"","column_padding_bottom_large":"","column_padding_bottom_medium":"","column_padding_bottom_responsive":"","column_padding_left":"","column_padding_left_large":"","column_padding_left_medium":"","column_padding_left_responsive":"","module_margins_top":"10","module_margins_unit":"px","module_margins_top_large":"","module_margins_large_unit":"px","module_margins_top_medium":"","module_margins_medium_unit":"px","module_margins_top_responsive":"","module_margins_responsive_unit":"px","module_margins_right":"10","module_margins_right_large":"","module_margins_right_medium":"","module_margins_right_responsive":"","module_margins_bottom":"10","module_margins_bottom_large":"","module_margins_bottom_medium":"","module_margins_bottom_responsive":"","module_margins_left":"10","module_margins_left_large":"","module_margins_left_medium":"","module_margins_left_responsive":"","row_width":1280,"row_width_unit":"px","show_default_heading":"0","css":"","js":"","color_scheme":"light"}