{"booked_login_redirect_page":"","booked_custom_login_message":"","booked_appointment_redirect_type":"page","booked_appointment_success_redirect_page":"13807","booked_registration_name_requirements":["require_surname"],"booked_hide_admin_bar_menu":"","booked_timeslot_intervals":"60","booked_appointment_buffer":"0","booked_appointment_limit":"0","booked_cancellation_buffer":"0","booked_new_appointment_default":"draft","booked_prevent_appointments_before":"","booked_prevent_appointments_after":"","booked_booking_type":"registered","booked_require_guest_email_address":"true","booked_hide_default_calendar":"on","booked_hide_unavailable_timeslots":"","booked_hide_google_link":"","booked_hide_weekends":"","booked_dont_allow_user_cancellations":"","booked_show_only_titles":"","booked_hide_end_times":"","booked_hide_available_timeslots":"","booked_public_appointments":"on","booked_redirect_non_admins":"","booked_light_color":"#2f57cf","booked_dark_color":"#0d3885","booked_button_color":"#3764eb","booked_email_logo":"https://consulting.vamtam.com/wp-content/uploads/2015/02/logo-symbol.png","booked_default_email_user":"","booked_email_force_sender":"","booked_email_force_sender_from":"junk@vamtam.com","booked_emailer_disabled":"","booked_reminder_buffer":"30","booked_admin_reminder_buffer":"30","booked_reminder_email":"Just a friendly reminder that you have an appointment coming up soon! Here's the appointment information:\r\n\r\n<strong>Calendar:</strong> %calendar%\r\n<strong>Date:</strong> %date%\r\n<strong>Time:</strong> %time%\r\n\r\nSincerely,\r\nYour friends at Financial","booked_admin_reminder_email":"You have an appointment coming up soon! Here's the appointment information:\r\n\r\n<strong>Customer:</strong> %name%\r\n<strong>Date:</strong> %date%\r\n<strong>Time:</strong> %time%\r\n\r\n(Sent via the Financial website)","booked_reminder_email_subject":"Reminder: You have an appointment coming up soon!","booked_admin_reminder_email_subject":"An appointment is coming up soon!","booked_registration_email_subject":"Thank you for registering!","booked_registration_email_content":"Hey %name%!\r\n\r\nThanks for registering at Hair Beauty &amp; Barber Theme. You can now login to manage your account and appointments using the following credentials:\r\n\r\nUsername: %username%\r\nPassword: %password%\r\n\r\nSincerely,\r\nYour friends at Hair Beauty &amp; Barber Theme","booked_approval_email_content":"Hey %name%!\r\n\r\nThe appointment you requested at Hair Beauty &amp; Barber Theme has been approved! Here's your appointment information:\r\n\r\nDate: %date%\r\nTime: %time%\r\n\r\nSincerely,\r\nYour friends at Hair Beauty &amp; Barber Theme","booked_approval_email_subject":"Your appointment has been approved!","booked_cancellation_email_content":"Hey %name%!\r\n\r\nThe appointment you requested at Hair Beauty &amp; Barber Theme has been cancelled. For reference, here's the appointment information:\r\n\r\nDate: %date%\r\nTime: %time%\r\n\r\nSincerely,\r\nYour friends at Hair Beauty &amp; Barber Theme","booked_cancellation_email_subject":"Your appointment has been cancelled.","booked_appt_confirmation_email_content":"Hey %name%!\r\n\r\nThis is just an email to confirm your appointment. For reference, here's the appointment information:\r\n\r\nDate: %date%\r\nTime: %time%\r\n\r\nSincerely,\r\nYour friends at Hair Beauty &amp; Barber Theme","booked_appt_confirmation_email_subject":"Your appointment confirmation from Hair Beauty & Barber Theme.","booked_admin_appointment_email_content":"You have a new appointment request! Here's the appointment information:\r\n\r\nCustomer: %name%\r\nDate: %date%\r\nTime: %time%\r\n\r\nLog into your website here: https://consulting.vamtam.com/wp-admin/ to approve this appointment.\r\n\r\n(Sent via the Hair Beauty &amp; Barber Theme website)","booked_admin_appointment_email_subject":"You have a new appointment request!","booked_admin_cancellation_email_content":"One of your customers has cancelled their appointment. Here's the appointment information:\r\n\r\nCustomer: %name%\r\nDate: %date%\r\nTime: %time%\r\n\r\n(Sent via the Hair Beauty &amp; Barber Theme website)","booked_admin_cancellation_email_subject":"An appointment has been cancelled.","booked_defaults":{"Mon":{"0800-0900":3,"0900-1000":3,"1000-1100":3,"1100-1200":3,"1200-1300":3,"1300-1400":3,"1400-1500":3,"1500-1600":3,"1600-1700":3},"Tue":{"0000-2400":1},"Thu":{"0800-0900":1,"0900-1000":1,"1000-1100":1,"1100-1200":1,"1200-1300":1,"1300-1400":1,"1400-1500":1,"1500-1600":1,"1600-1700":1,"1700-1800":1,"1800-1900":1},"Sat":{"1100-1200":1,"1200-1300":1,"1300-1400":1,"1400-1500":1,"1500-1600":1,"1600-1700":1},"Wed":{"0800-0900":1,"0900-1000":1,"1000-1100":1,"1100-1200":1,"1200-1300":1,"1300-1400":1,"1400-1500":1,"1500-1600":1,"1600-1700":1,"1700-1800":1,"1800-1900":1,"1900-2000":1}},"booked_defaults_489":false,"booked_defaults_487":false,"booked_defaults_488":false}