{"sharing-options":{"global":{"button_style":"icon","sharing_label":"","open_links":"same","show":["post","product","jetpack-portfolio","jetpack-testimonial"],"custom":[]}},"sharing-services":{"visible":["facebook","twitter","pinterest","tumblr"],"hidden":[]},"jetpack_active_modules":["sharedaddy","widget-visibility","custom-css","custom-content-types","tiled-gallery","carousel","widgets","woocommerce-analytics","notes","blaze"],"jetpack_portfolio":"1","jetpack_testimonial":"1","tiled_galleries":"1"}