{"themes":{"default":{"title":"Default","container_background_from":"rgba(255, 255, 255, 0)","container_background_to":"rgba(255, 255, 255, 0)","container_padding_left":"0px","container_padding_right":"0px","container_padding_top":"0px","container_padding_bottom":"0px","container_border_radius_top_left":"0px","container_border_radius_top_right":"0px","container_border_radius_bottom_left":"0px","container_border_radius_bottom_right":"0px","arrow_up":"disabled","arrow_down":"disabled","arrow_left":"dash-f341","arrow_right":"dash-f345","font_size":"14px","font_color":"#666","font_family":"inherit","menu_item_align":"right","menu_item_background_from":"rgba(0,0,0,0)","menu_item_background_to":"rgba(0,0,0,0)","menu_item_background_hover_from":"rgba(255, 255, 255, 0)","menu_item_background_hover_to":"rgba(198, 35, 35, 0)","menu_item_spacing":"0px","menu_item_link_font":"inherit","menu_item_link_font_size":"16px","menu_item_link_height":"50px","menu_item_link_color":"rgb(45, 48, 53)","menu_item_link_weight":"normal","menu_item_link_text_transform":"none","menu_item_link_text_decoration":"none","menu_item_link_text_align":"right","menu_item_link_color_hover":"rgb(55, 100, 235)","menu_item_link_weight_hover":"normal","menu_item_link_text_decoration_hover":"none","menu_item_link_padding_left":"10px","menu_item_link_padding_right":"10px","menu_item_link_padding_top":"0px","menu_item_link_padding_bottom":"0px","menu_item_link_border_radius_top_left":"0px","menu_item_link_border_radius_top_right":"0px","menu_item_link_border_radius_bottom_left":"0px","menu_item_link_border_radius_bottom_right":"0px","menu_item_border_color":"rgba(255, 255, 255, 0)","menu_item_border_left":"0px","menu_item_border_right":"0px","menu_item_border_top":"0px","menu_item_border_bottom":"0px","menu_item_border_color_hover":"rgba(255, 255, 255, 0)","menu_item_highlight_current":"on","menu_item_divider":"off","menu_item_divider_color":"rgb(207, 207, 207)","menu_item_divider_glow_opacity":"0.1","panel_background_from":"rgb(255, 255, 255)","panel_background_to":"rgb(255, 255, 255)","panel_width":"550px","panel_inner_width":"100%","panel_border_color":"rgba(255, 255, 255, 0)","panel_border_left":"0px","panel_border_right":"0px","panel_border_top":"0px","panel_border_bottom":"0px","panel_border_radius_top_left":"0px","panel_border_radius_top_right":"0px","panel_border_radius_bottom_left":"0px","panel_border_radius_bottom_right":"0px","panel_header_color":"rgb(0, 0, 0)","panel_header_text_transform":"none","panel_header_text_align":"left","panel_header_font":"inherit","panel_header_font_size":"20px","panel_header_font_weight":"normal","panel_header_text_decoration":"none","panel_header_padding_top":"10px","panel_header_padding_right":"0px","panel_header_padding_bottom":"10px","panel_header_padding_left":"0px","panel_header_margin_top":"0px","panel_header_margin_right":"0px","panel_header_margin_bottom":"0px","panel_header_margin_left":"0px","panel_header_border_color":"rgb(237, 237, 237)","panel_header_border_color_hover":"rgba(0,0,0,0)","panel_header_border_left":"0px","panel_header_border_right":"0px","panel_header_border_top":"0px","panel_header_border_bottom":"1px","panel_padding_left":"0px","panel_padding_right":"0px","panel_padding_top":"10px","panel_padding_bottom":"0px","panel_widget_padding_left":"10px","panel_widget_padding_right":"10px","panel_widget_padding_top":"10px","panel_widget_padding_bottom":"10px","panel_font_size":"14px","panel_font_color":"rgb(0, 0, 0)","panel_font_family":"inherit","panel_second_level_font_color":"rgb(0, 0, 0)","panel_second_level_font_color_hover":"rgb(55, 100, 235)","panel_second_level_text_transform":"none","panel_second_level_text_align":"left","panel_second_level_font":"inherit","panel_second_level_font_size":"16px","panel_second_level_font_weight":"normal","panel_second_level_font_weight_hover":"normal","panel_second_level_text_decoration":"none","panel_second_level_text_decoration_hover":"none","panel_second_level_background_hover_from":"rgba(198, 35, 35, 0)","panel_second_level_background_hover_to":"rgba(198, 35, 35, 0)","panel_second_level_padding_left":"25px","panel_second_level_padding_right":"25px","panel_second_level_padding_top":"10px","panel_second_level_padding_bottom":"10px","panel_second_level_margin_left":"0px","panel_second_level_margin_right":"0px","panel_second_level_margin_top":"0px","panel_second_level_margin_bottom":"10px","panel_second_level_border_color":"rgb(237, 237, 237)","panel_second_level_border_color_hover":"rgba(0,0,0,0)","panel_second_level_border_left":"0px","panel_second_level_border_right":"0px","panel_second_level_border_top":"0px","panel_second_level_border_bottom":"1px","panel_third_level_font_color":"rgb(69, 84, 94)","panel_third_level_font_color_hover":"rgb(55, 100, 235)","panel_third_level_text_transform":"none","panel_third_level_text_align":"left","panel_third_level_font":"inherit","panel_third_level_font_size":"16px","panel_third_level_font_weight":"normal","panel_third_level_font_weight_hover":"normal","panel_third_level_text_decoration":"none","panel_third_level_text_decoration_hover":"none","panel_third_level_background_hover_from":"rgb(246, 248, 255)","panel_third_level_background_hover_to":"rgb(246, 248, 255)","panel_third_level_padding_left":"25px","panel_third_level_padding_right":"25px","panel_third_level_padding_top":"10px","panel_third_level_padding_bottom":"10px","panel_third_level_margin_left":"0px","panel_third_level_margin_right":"0px","panel_third_level_margin_top":"0px","panel_third_level_margin_bottom":"0px","panel_third_level_border_color":"rgba(0,0,0,0)","panel_third_level_border_color_hover":"rgba(0,0,0,0)","panel_third_level_border_left":"0px","panel_third_level_border_right":"0px","panel_third_level_border_top":"0px","panel_third_level_border_bottom":"0px","flyout_width":"220px","flyout_menu_background_from":"rgb(255, 255, 255)","flyout_menu_background_to":"rgb(255, 255, 255)","flyout_border_color":"rgba(198, 35, 35, 0)","flyout_border_left":"0px","flyout_border_right":"0px","flyout_border_top":"0px","flyout_border_bottom":"0px","flyout_border_radius_top_left":"0px","flyout_border_radius_top_right":"0px","flyout_border_radius_bottom_left":"0px","flyout_border_radius_bottom_right":"0px","flyout_menu_item_divider":"off","flyout_menu_item_divider_color":"rgb(237, 237, 237)","flyout_padding_top":"0px","flyout_padding_right":"0px","flyout_padding_bottom":"0px","flyout_padding_left":"0px","flyout_link_padding_left":"25px","flyout_link_padding_right":"25px","flyout_link_padding_top":"5px","flyout_link_padding_bottom":"5px","flyout_link_weight":"normal","flyout_link_weight_hover":"normal","flyout_link_height":"30px","flyout_link_text_decoration":"none","flyout_link_text_decoration_hover":"none","flyout_background_from":"rgb(255, 255, 255)","flyout_background_to":"rgb(255, 255, 255)","flyout_background_hover_from":"rgb(246, 248, 255)","flyout_background_hover_to":"rgb(246, 248, 255)","flyout_link_size":"16px","flyout_link_color":"rgb(69, 84, 94)","flyout_link_color_hover":"rgb(55, 100, 235)","flyout_link_family":"inherit","flyout_link_text_transform":"none","responsive_breakpoint":"900px","responsive_text":"MENU","line_height":"1.4","z_index":"999","shadow":"on","shadow_horizontal":"0px","shadow_vertical":"4px","shadow_blur":"30px","shadow_spread":"0px","shadow_color":"rgba(0, 0, 0, 0.06)","transitions":"on","keyboard_highlight_color":"#109cde","keyboard_highlight_width":"3px","keyboard_highlight_offset":"-3px","resets":"on","mobile_columns":"2","toggle_background_from":"rgba(255, 255, 255, 0)","toggle_background_to":"rgba(255, 255, 255, 0)","toggle_font_color":"rgb(221, 221, 221)","toggle_bar_height":"40px","toggle_bar_border_radius_top_left":"2px","toggle_bar_border_radius_top_right":"2px","toggle_bar_border_radius_bottom_left":"2px","toggle_bar_border_radius_bottom_right":"2px","mobile_menu_padding_left":"0px","mobile_menu_padding_right":"0px","mobile_menu_padding_top":"0px","mobile_menu_padding_bottom":"0px","mobile_menu_item_height":"40px","mobile_menu_overlay":"off","mobile_menu_force_width":"off","mobile_menu_force_width_selector":"body","mobile_background_from":"rgba(255, 255, 255, 0)","mobile_background_to":"rgba(255, 255, 255, 0)","mobile_menu_item_link_font_size":"26px","mobile_menu_item_link_color":"rgb(69, 84, 94)","mobile_menu_item_link_text_align":"left","mobile_menu_item_link_color_hover":"rgb(55, 100, 235)","mobile_menu_item_background_hover_from":"rgba(255, 255, 255, 0)","mobile_menu_item_background_hover_to":"rgba(198, 35, 35, 0)","mobile_menu_off_canvas_width":"300px","disable_mobile_toggle":"off","custom_css":"#{$wrap} #{$menu} {\r\n    /** Custom styles should be added below this line **/\r\n}\r\n#{$wrap} { \r\n    clear: both;\r\n}\r\n\r\n#{$wrap} #{$menu} .widget_product_categories ul.product-categories li a {\r\n    transition: initial !important;\r\n}\r\n\r\n\r\n/* Apply Hover Styling to active Mega Menu - Second Level Links */\r\n#{$wrap} #{$menu} &gt; li.mega-menu-megamenu &gt; ul.mega-sub-menu &gt; li.mega-menu-item.mega-current-menu-item &gt; a.mega-menu-link {\r\n    color: $panel_second_level_font_color_hover;\r\n    font-weight: $panel_second_level_font_weight_hover;\r\n    text-decoration: $panel_second_level_text_decoration_hover;\r\n    @include background($panel_second_level_background_hover_from, $panel_second_level_background_hover_to);\r\n}\r\n \r\n/* Apply Hover Styling to active Mega Menu - Third Level Links */\r\n#{$wrap} #{$menu} &gt; li.mega-menu-megamenu &gt; ul.mega-sub-menu &gt; li.mega-menu-item li.mega-menu-item.mega-current-menu-item &gt; a.mega-menu-link {\r\n    color: $panel_third_level_font_color_hover;\r\n    font-weight: $panel_third_level_font_weight_hover;\r\n    text-decoration: $panel_third_level_text_decoration_hover;\r\n    @include background($panel_third_level_background_hover_from, $panel_third_level_background_hover_to);\r\n}\r\n \r\n/* Apply Hover Styling to active Flyout Links */\r\n#{$wrap} #{$menu} li.mega-menu-flyout ul.mega-sub-menu li.mega-menu-item.mega-current-menu-item &gt; a.mega-menu-link {\r\n    @include background($flyout_background_hover_from, $flyout_background_hover_to);\r\n    font-weight: $flyout_link_weight_hover;\r\n    text-decoration: $flyout_link_text_decoration_hover;\r\n    color: $flyout_link_color_hover;\r\n}"},"custom_theme_2":{"title":"Overlay Theme","container_background_from":"rgba(255, 255, 255, 0)","container_background_to":"rgba(255, 255, 255, 0)","container_padding_left":"0px","container_padding_right":"0px","container_padding_top":"0px","container_padding_bottom":"0px","container_border_radius_top_left":"0px","container_border_radius_top_right":"0px","container_border_radius_bottom_left":"0px","container_border_radius_bottom_right":"0px","arrow_up":"disabled","arrow_down":"disabled","arrow_left":"dash-f341","arrow_right":"dash-f345","font_size":"14px","font_color":"#666","font_family":"inherit","menu_item_align":"left","menu_item_background_from":"rgba(0,0,0,0)","menu_item_background_to":"rgba(0,0,0,0)","menu_item_background_hover_from":"rgba(255, 255, 255, 0)","menu_item_background_hover_to":"rgba(198, 35, 35, 0)","menu_item_spacing":"0px","menu_item_link_font":"inherit","menu_item_link_font_size":"14px","menu_item_link_height":"30px","menu_item_link_color":"rgb(0, 0, 0)","menu_item_link_weight":"normal","menu_item_link_text_transform":"none","menu_item_link_text_decoration":"none","menu_item_link_text_align":"center","menu_item_link_color_hover":"rgb(55, 100, 235)","menu_item_link_weight_hover":"normal","menu_item_link_text_decoration_hover":"none","menu_item_link_padding_left":"0px","menu_item_link_padding_right":"15px","menu_item_link_padding_top":"0px","menu_item_link_padding_bottom":"0px","menu_item_link_border_radius_top_left":"0px","menu_item_link_border_radius_top_right":"0px","menu_item_link_border_radius_bottom_left":"0px","menu_item_link_border_radius_bottom_right":"0px","menu_item_border_color":"rgba(255, 255, 255, 0)","menu_item_border_left":"0px","menu_item_border_right":"0px","menu_item_border_top":"0px","menu_item_border_bottom":"0px","menu_item_border_color_hover":"rgba(255, 255, 255, 0)","menu_item_highlight_current":"on","menu_item_divider":"off","menu_item_divider_color":"rgb(207, 207, 207)","menu_item_divider_glow_opacity":"0.1","panel_background_from":"rgb(255, 255, 255)","panel_background_to":"rgb(255, 255, 255)","panel_width":"100%","panel_inner_width":"100%","panel_border_color":"rgba(198, 35, 35, 0)","panel_border_left":"0px","panel_border_right":"0px","panel_border_top":"0px","panel_border_bottom":"0px","panel_border_radius_top_left":"0px","panel_border_radius_top_right":"0px","panel_border_radius_bottom_left":"0px","panel_border_radius_bottom_right":"0px","panel_header_color":"rgb(0, 0, 0)","panel_header_text_transform":"uppercase","panel_header_text_align":"left","panel_header_font":"inherit","panel_header_font_size":"12px","panel_header_font_weight":"bold","panel_header_text_decoration":"none","panel_header_padding_top":"0px","panel_header_padding_right":"0px","panel_header_padding_bottom":"5px","panel_header_padding_left":"0px","panel_header_margin_top":"0px","panel_header_margin_right":"0px","panel_header_margin_bottom":"0px","panel_header_margin_left":"0px","panel_header_border_color":"rgba(198, 35, 35, 0)","panel_header_border_color_hover":"rgba(0,0,0,0)","panel_header_border_left":"0px","panel_header_border_right":"0px","panel_header_border_top":"0px","panel_header_border_bottom":"0px","panel_padding_left":"0px","panel_padding_right":"0px","panel_padding_top":"20px","panel_padding_bottom":"0px","panel_widget_padding_left":"20px","panel_widget_padding_right":"20px","panel_widget_padding_top":"0px","panel_widget_padding_bottom":"20px","panel_font_size":"12px","panel_font_color":"rgb(0, 0, 0)","panel_font_family":"inherit","panel_second_level_font_color":"rgb(0, 0, 0)","panel_second_level_font_color_hover":"rgb(55, 100, 235)","panel_second_level_text_transform":"uppercase","panel_second_level_text_align":"left","panel_second_level_font":"inherit","panel_second_level_font_size":"12px","panel_second_level_font_weight":"inherit","panel_second_level_font_weight_hover":"inherit","panel_second_level_text_decoration":"none","panel_second_level_text_decoration_hover":"none","panel_second_level_background_hover_from":"rgba(255, 255, 255, 0)","panel_second_level_background_hover_to":"rgba(255, 255, 255, 0)","panel_second_level_padding_left":"0px","panel_second_level_padding_right":"0px","panel_second_level_padding_top":"5px","panel_second_level_padding_bottom":"10px","panel_second_level_margin_left":"0px","panel_second_level_margin_right":"0px","panel_second_level_margin_top":"0px","panel_second_level_margin_bottom":"0px","panel_second_level_border_color":"#555","panel_second_level_border_color_hover":"rgba(0,0,0,0)","panel_second_level_border_left":"0px","panel_second_level_border_right":"0px","panel_second_level_border_top":"0px","panel_second_level_border_bottom":"0px","panel_third_level_font_color":"rgb(0, 0, 0)","panel_third_level_font_color_hover":"rgb(55, 100, 235)","panel_third_level_text_transform":"none","panel_third_level_text_align":"left","panel_third_level_font":"inherit","panel_third_level_font_size":"12px","panel_third_level_font_weight":"normal","panel_third_level_font_weight_hover":"normal","panel_third_level_text_decoration":"none","panel_third_level_text_decoration_hover":"none","panel_third_level_background_hover_from":"rgba(0,0,0,0)","panel_third_level_background_hover_to":"rgba(0,0,0,0)","panel_third_level_padding_left":"0px","panel_third_level_padding_right":"0px","panel_third_level_padding_top":"5px","panel_third_level_padding_bottom":"5px","panel_third_level_margin_left":"0px","panel_third_level_margin_right":"0px","panel_third_level_margin_top":"0px","panel_third_level_margin_bottom":"0px","panel_third_level_border_color":"rgba(0,0,0,0)","panel_third_level_border_color_hover":"rgba(0,0,0,0)","panel_third_level_border_left":"0px","panel_third_level_border_right":"0px","panel_third_level_border_top":"0px","panel_third_level_border_bottom":"0px","flyout_width":"145px","flyout_menu_background_from":"rgb(255, 255, 255)","flyout_menu_background_to":"rgb(255, 255, 255)","flyout_border_color":"rgba(198, 35, 35, 0)","flyout_border_left":"0px","flyout_border_right":"0px","flyout_border_top":"0px","flyout_border_bottom":"0px","flyout_border_radius_top_left":"0px","flyout_border_radius_top_right":"0px","flyout_border_radius_bottom_left":"0px","flyout_border_radius_bottom_right":"0px","flyout_menu_item_divider":"off","flyout_menu_item_divider_color":"rgb(237, 237, 237)","flyout_padding_top":"0","flyout_padding_right":"0","flyout_padding_bottom":"0","flyout_padding_left":"0","flyout_link_padding_left":"20px","flyout_link_padding_right":"20px","flyout_link_padding_top":"0px","flyout_link_padding_bottom":"0px","flyout_link_weight":"normal","flyout_link_weight_hover":"normal","flyout_link_height":"35px","flyout_link_text_decoration":"none","flyout_link_text_decoration_hover":"none","flyout_background_from":"rgba(255, 255, 255, 0)","flyout_background_to":"rgba(255, 255, 255, 0)","flyout_background_hover_from":"rgb(246, 246, 246)","flyout_background_hover_to":"rgb(246, 246, 246)","flyout_link_size":"14px","flyout_link_color":"rgb(0, 0, 0)","flyout_link_color_hover":"rgb(55, 100, 235)","flyout_link_family":"inherit","flyout_link_text_transform":"none","responsive_breakpoint":"100px","responsive_text":"MENU","line_height":"1.4","z_index":"999","shadow":"on","shadow_horizontal":"0px","shadow_vertical":"1px","shadow_blur":"40px","shadow_spread":"0px","shadow_color":"rgba(0, 0, 0, 0.07)","transitions":"on","keyboard_highlight_color":"#109cde","keyboard_highlight_width":"3px","keyboard_highlight_offset":"-3px","resets":"on","mobile_columns":"2","toggle_background_from":"rgba(255, 255, 255, 0)","toggle_background_to":"rgba(255, 255, 255, 0)","toggle_font_color":"rgb(221, 221, 221)","toggle_bar_height":"40px","toggle_bar_border_radius_top_left":"2px","toggle_bar_border_radius_top_right":"2px","toggle_bar_border_radius_bottom_left":"2px","toggle_bar_border_radius_bottom_right":"2px","mobile_menu_padding_left":"0px","mobile_menu_padding_right":"0px","mobile_menu_padding_top":"0px","mobile_menu_padding_bottom":"0px","mobile_menu_item_height":"45px","mobile_menu_overlay":"off","mobile_menu_force_width":"off","mobile_menu_force_width_selector":"body","mobile_background_from":"rgba(255, 255, 255, 0)","mobile_background_to":"rgba(255, 255, 255, 0)","mobile_menu_item_link_font_size":"30px","mobile_menu_item_link_color":"rgb(84, 104, 126)","mobile_menu_item_link_text_align":"left","mobile_menu_item_link_color_hover":"rgb(55, 100, 235)","mobile_menu_item_background_hover_from":"rgba(255, 255, 255, 0)","mobile_menu_item_background_hover_to":"rgba(198, 35, 35, 0)","mobile_menu_off_canvas_width":"300px","disable_mobile_toggle":"off","custom_css":"#{$wrap} #{$menu} {\r\n    /** Custom styles should be added below this line **/\r\n}\r\n#{$wrap} { \r\n    clear: both;\r\n}\r\n\r\n#{$wrap} #{$menu} .widget_product_categories ul.product-categories li a {\r\n    transition: initial !important;\r\n}\r\n\r\n\r\n/* Apply Hover Styling to active Mega Menu - Second Level Links */\r\n#{$wrap} #{$menu} &gt; li.mega-menu-megamenu &gt; ul.mega-sub-menu &gt; li.mega-menu-item.mega-current-menu-item &gt; a.mega-menu-link {\r\n    color: $panel_second_level_font_color_hover;\r\n    font-weight: $panel_second_level_font_weight_hover;\r\n    text-decoration: $panel_second_level_text_decoration_hover;\r\n    @include background($panel_second_level_background_hover_from, $panel_second_level_background_hover_to);\r\n}\r\n \r\n/* Apply Hover Styling to active Mega Menu - Third Level Links */\r\n#{$wrap} #{$menu} &gt; li.mega-menu-megamenu &gt; ul.mega-sub-menu &gt; li.mega-menu-item li.mega-menu-item.mega-current-menu-item &gt; a.mega-menu-link {\r\n    color: $panel_third_level_font_color_hover;\r\n    font-weight: $panel_third_level_font_weight_hover;\r\n    text-decoration: $panel_third_level_text_decoration_hover;\r\n    @include background($panel_third_level_background_hover_from, $panel_third_level_background_hover_to);\r\n}\r\n \r\n/* Apply Hover Styling to active Flyout Links */\r\n#{$wrap} #{$menu} li.mega-menu-flyout ul.mega-sub-menu li.mega-menu-item.mega-current-menu-item &gt; a.mega-menu-link {\r\n    @include background($flyout_background_hover_from, $flyout_background_hover_to);\r\n    font-weight: $flyout_link_weight_hover;\r\n    text-decoration: $flyout_link_text_decoration_hover;\r\n    color: $flyout_link_color_hover;\r\n}"},"custom_theme_3":{"title":"Services","container_background_from":"#222","container_background_to":"#222","container_padding_left":"0px","container_padding_right":"0px","container_padding_top":"0px","container_padding_bottom":"0px","container_border_radius_top_left":"0px","container_border_radius_top_right":"0px","container_border_radius_bottom_left":"0px","container_border_radius_bottom_right":"0px","arrow_up":"dash-f142","arrow_down":"dash-f140","arrow_left":"dash-f141","arrow_right":"dash-f139","font_size":"14px","font_color":"#666","font_family":"inherit","menu_item_align":"left","menu_item_background_from":"rgba(0,0,0,0)","menu_item_background_to":"rgba(0,0,0,0)","menu_item_background_hover_from":"#333","menu_item_background_hover_to":"#333","menu_item_spacing":"0px","menu_item_link_font":"inherit","menu_item_link_font_size":"14px","menu_item_link_height":"40px","menu_item_link_color":"#ffffff","menu_item_link_weight":"normal","menu_item_link_text_transform":"none","menu_item_link_text_decoration":"none","menu_item_link_text_align":"left","menu_item_link_color_hover":"#ffffff","menu_item_link_weight_hover":"normal","menu_item_link_text_decoration_hover":"none","menu_item_link_padding_left":"10px","menu_item_link_padding_right":"10px","menu_item_link_padding_top":"0px","menu_item_link_padding_bottom":"0px","menu_item_link_border_radius_top_left":"0px","menu_item_link_border_radius_top_right":"0px","menu_item_link_border_radius_bottom_left":"0px","menu_item_link_border_radius_bottom_right":"0px","menu_item_border_color":"#fff","menu_item_border_left":"0px","menu_item_border_right":"0px","menu_item_border_top":"0px","menu_item_border_bottom":"0px","menu_item_border_color_hover":"#fff","menu_item_highlight_current":"on","menu_item_divider":"on","menu_item_divider_color":"rgb(216, 216, 216)","menu_item_divider_glow_opacity":"0.1","panel_background_from":"#f1f1f1","panel_background_to":"#f1f1f1","panel_width":"100%","panel_inner_width":"100%","panel_border_color":"#fff","panel_border_left":"0px","panel_border_right":"0px","panel_border_top":"0px","panel_border_bottom":"0px","panel_border_radius_top_left":"0px","panel_border_radius_top_right":"0px","panel_border_radius_bottom_left":"0px","panel_border_radius_bottom_right":"0px","panel_header_color":"#555","panel_header_text_transform":"uppercase","panel_header_text_align":"left","panel_header_font":"inherit","panel_header_font_size":"16px","panel_header_font_weight":"bold","panel_header_text_decoration":"none","panel_header_padding_top":"0px","panel_header_padding_right":"0px","panel_header_padding_bottom":"5px","panel_header_padding_left":"0px","panel_header_margin_top":"0px","panel_header_margin_right":"0px","panel_header_margin_bottom":"0px","panel_header_margin_left":"0px","panel_header_border_color":"#555","panel_header_border_color_hover":"rgba(0,0,0,0)","panel_header_border_left":"0px","panel_header_border_right":"0px","panel_header_border_top":"0px","panel_header_border_bottom":"0px","panel_padding_left":"0px","panel_padding_right":"0px","panel_padding_top":"0px","panel_padding_bottom":"0px","panel_widget_padding_left":"15px","panel_widget_padding_right":"15px","panel_widget_padding_top":"15px","panel_widget_padding_bottom":"15px","panel_font_size":"14px","panel_font_color":"#666","panel_font_family":"inherit","panel_second_level_font_color":"#555","panel_second_level_font_color_hover":"#555","panel_second_level_text_transform":"uppercase","panel_second_level_text_align":"left","panel_second_level_font":"inherit","panel_second_level_font_size":"16px","panel_second_level_font_weight":"bold","panel_second_level_font_weight_hover":"bold","panel_second_level_text_decoration":"none","panel_second_level_text_decoration_hover":"none","panel_second_level_background_hover_from":"rgba(0,0,0,0)","panel_second_level_background_hover_to":"rgba(0,0,0,0)","panel_second_level_padding_left":"0px","panel_second_level_padding_right":"0px","panel_second_level_padding_top":"0px","panel_second_level_padding_bottom":"0px","panel_second_level_margin_left":"0px","panel_second_level_margin_right":"0px","panel_second_level_margin_top":"0px","panel_second_level_margin_bottom":"0px","panel_second_level_border_color":"#555","panel_second_level_border_color_hover":"rgba(0,0,0,0)","panel_second_level_border_left":"0px","panel_second_level_border_right":"0px","panel_second_level_border_top":"0px","panel_second_level_border_bottom":"0px","panel_third_level_font_color":"#666","panel_third_level_font_color_hover":"#666","panel_third_level_text_transform":"none","panel_third_level_text_align":"left","panel_third_level_font":"inherit","panel_third_level_font_size":"14px","panel_third_level_font_weight":"normal","panel_third_level_font_weight_hover":"normal","panel_third_level_text_decoration":"none","panel_third_level_text_decoration_hover":"none","panel_third_level_background_hover_from":"rgba(0,0,0,0)","panel_third_level_background_hover_to":"rgba(0,0,0,0)","panel_third_level_padding_left":"0px","panel_third_level_padding_right":"0px","panel_third_level_padding_top":"0px","panel_third_level_padding_bottom":"0px","panel_third_level_margin_left":"0px","panel_third_level_margin_right":"0px","panel_third_level_margin_top":"0px","panel_third_level_margin_bottom":"0px","panel_third_level_border_color":"rgba(0,0,0,0)","panel_third_level_border_color_hover":"rgba(0,0,0,0)","panel_third_level_border_left":"0px","panel_third_level_border_right":"0px","panel_third_level_border_top":"0px","panel_third_level_border_bottom":"0px","flyout_width":"150px","flyout_menu_background_from":"#f1f1f1","flyout_menu_background_to":"#f1f1f1","flyout_border_color":"#ffffff","flyout_border_left":"0px","flyout_border_right":"0px","flyout_border_top":"0px","flyout_border_bottom":"0px","flyout_border_radius_top_left":"0px","flyout_border_radius_top_right":"0px","flyout_border_radius_bottom_left":"0px","flyout_border_radius_bottom_right":"0px","flyout_menu_item_divider":"off","flyout_menu_item_divider_color":"rgba(255, 255, 255, 0.1)","flyout_padding_top":"0px","flyout_padding_right":"0px","flyout_padding_bottom":"0px","flyout_padding_left":"0px","flyout_link_padding_left":"10px","flyout_link_padding_right":"10px","flyout_link_padding_top":"0px","flyout_link_padding_bottom":"0px","flyout_link_weight":"normal","flyout_link_weight_hover":"normal","flyout_link_height":"35px","flyout_link_text_decoration":"none","flyout_link_text_decoration_hover":"none","flyout_background_from":"#f1f1f1","flyout_background_to":"#f1f1f1","flyout_background_hover_from":"#dddddd","flyout_background_hover_to":"#dddddd","flyout_link_size":"14px","flyout_link_color":"#666","flyout_link_color_hover":"#666","flyout_link_family":"inherit","flyout_link_text_transform":"none","responsive_breakpoint":"600px","responsive_text":"MENU","line_height":"1.7","z_index":"999","shadow":"off","shadow_horizontal":"0px","shadow_vertical":"0px","shadow_blur":"5px","shadow_spread":"0px","shadow_color":"rgba(0, 0, 0, 0.1)","transitions":"off","keyboard_highlight_color":"#109cde","keyboard_highlight_width":"3px","keyboard_highlight_offset":"-3px","resets":"off","mobile_columns":"2","toggle_background_from":"#222","toggle_background_to":"#222","toggle_font_color":"rgb(221, 221, 221)","toggle_bar_height":"40px","toggle_bar_border_radius_top_left":"2px","toggle_bar_border_radius_top_right":"2px","toggle_bar_border_radius_bottom_left":"2px","toggle_bar_border_radius_bottom_right":"2px","mobile_menu_padding_left":"0px","mobile_menu_padding_right":"0px","mobile_menu_padding_top":"0px","mobile_menu_padding_bottom":"0px","mobile_menu_item_height":"40px","mobile_menu_overlay":"off","mobile_menu_force_width":"off","mobile_menu_force_width_selector":"body","mobile_background_from":"#222","mobile_background_to":"#222","mobile_menu_item_link_font_size":"14px","mobile_menu_item_link_color":"#ffffff","mobile_menu_item_link_text_align":"left","mobile_menu_item_link_color_hover":"#ffffff","mobile_menu_item_background_hover_from":"#333","mobile_menu_item_background_hover_to":"#333","mobile_menu_off_canvas_width":"300px","disable_mobile_toggle":"off","custom_css":"/** Push menu onto new line **/\r\n#{$wrap} {\r\n    clear: both;\r\n}"},"custom_theme_4":{"title":"Top Bar Theme","container_background_from":"rgba(255, 255, 255, 0)","container_background_to":"rgba(255, 255, 255, 0)","container_padding_left":"0px","container_padding_right":"0px","container_padding_top":"0px","container_padding_bottom":"0px","container_border_radius_top_left":"0px","container_border_radius_top_right":"0px","container_border_radius_bottom_left":"0px","container_border_radius_bottom_right":"0px","arrow_up":"disabled","arrow_down":"disabled","arrow_left":"dash-f341","arrow_right":"dash-f345","font_size":"14px","font_color":"#666","font_family":"inherit","menu_item_align":"right","menu_item_background_from":"rgba(0,0,0,0)","menu_item_background_to":"rgba(0,0,0,0)","menu_item_background_hover_from":"rgba(255, 255, 255, 0)","menu_item_background_hover_to":"rgba(198, 35, 35, 0)","menu_item_spacing":"0px","menu_item_link_font":"inherit","menu_item_link_font_size":"16px","menu_item_link_height":"20px","menu_item_link_color":"rgb(69, 84, 94)","menu_item_link_weight":"inherit","menu_item_link_text_transform":"none","menu_item_link_text_decoration":"none","menu_item_link_text_align":"right","menu_item_link_color_hover":"rgb(42, 21, 160)","menu_item_link_weight_hover":"inherit","menu_item_link_text_decoration_hover":"none","menu_item_link_padding_left":"0px","menu_item_link_padding_right":"0px","menu_item_link_padding_top":"0px","menu_item_link_padding_bottom":"0px","menu_item_link_border_radius_top_left":"0px","menu_item_link_border_radius_top_right":"0px","menu_item_link_border_radius_bottom_left":"0px","menu_item_link_border_radius_bottom_right":"0px","menu_item_border_color":"rgba(255, 255, 255, 0)","menu_item_border_left":"0px","menu_item_border_right":"0px","menu_item_border_top":"0px","menu_item_border_bottom":"0px","menu_item_border_color_hover":"rgba(255, 255, 255, 0)","menu_item_highlight_current":"on","menu_item_divider":"off","menu_item_divider_color":"rgb(207, 207, 207)","menu_item_divider_glow_opacity":"0.1","panel_background_from":"rgb(255, 255, 255)","panel_background_to":"rgb(255, 255, 255)","panel_width":"100%","panel_inner_width":"100%","panel_border_color":"rgba(255, 255, 255, 0)","panel_border_left":"0px","panel_border_right":"0px","panel_border_top":"0px","panel_border_bottom":"0px","panel_border_radius_top_left":"0px","panel_border_radius_top_right":"0px","panel_border_radius_bottom_left":"0px","panel_border_radius_bottom_right":"0px","panel_header_color":"rgb(0, 0, 0)","panel_header_text_transform":"none","panel_header_text_align":"left","panel_header_font":"inherit","panel_header_font_size":"20px","panel_header_font_weight":"inherit","panel_header_text_decoration":"none","panel_header_padding_top":"0px","panel_header_padding_right":"0px","panel_header_padding_bottom":"5px","panel_header_padding_left":"0px","panel_header_margin_top":"0px","panel_header_margin_right":"0px","panel_header_margin_bottom":"0px","panel_header_margin_left":"0px","panel_header_border_color":"rgb(237, 237, 237)","panel_header_border_color_hover":"rgba(0,0,0,0)","panel_header_border_left":"0px","panel_header_border_right":"0px","panel_header_border_top":"0px","panel_header_border_bottom":"1px","panel_padding_left":"0px","panel_padding_right":"0px","panel_padding_top":"20px","panel_padding_bottom":"0px","panel_widget_padding_left":"20px","panel_widget_padding_right":"20px","panel_widget_padding_top":"0px","panel_widget_padding_bottom":"20px","panel_font_size":"14px","panel_font_color":"rgb(0, 0, 0)","panel_font_family":"inherit","panel_second_level_font_color":"rgb(69, 84, 94)","panel_second_level_font_color_hover":"rgb(42, 21, 160)","panel_second_level_text_transform":"none","panel_second_level_text_align":"left","panel_second_level_font":"inherit","panel_second_level_font_size":"16px","panel_second_level_font_weight":"normal","panel_second_level_font_weight_hover":"normal","panel_second_level_text_decoration":"none","panel_second_level_text_decoration_hover":"none","panel_second_level_background_hover_from":"rgba(255, 255, 255, 0)","panel_second_level_background_hover_to":"rgba(255, 255, 255, 0)","panel_second_level_padding_left":"0px","panel_second_level_padding_right":"0px","panel_second_level_padding_top":"5px","panel_second_level_padding_bottom":"10px","panel_second_level_margin_left":"0px","panel_second_level_margin_right":"0px","panel_second_level_margin_top":"0px","panel_second_level_margin_bottom":"10px","panel_second_level_border_color":"rgb(237, 237, 237)","panel_second_level_border_color_hover":"rgba(0,0,0,0)","panel_second_level_border_left":"0px","panel_second_level_border_right":"0px","panel_second_level_border_top":"0px","panel_second_level_border_bottom":"1px","panel_third_level_font_color":"rgb(69, 84, 94)","panel_third_level_font_color_hover":"rgb(42, 21, 160)","panel_third_level_text_transform":"none","panel_third_level_text_align":"left","panel_third_level_font":"inherit","panel_third_level_font_size":"16px","panel_third_level_font_weight":"300","panel_third_level_font_weight_hover":"300","panel_third_level_text_decoration":"none","panel_third_level_text_decoration_hover":"none","panel_third_level_background_hover_from":"rgba(0,0,0,0)","panel_third_level_background_hover_to":"rgba(0,0,0,0)","panel_third_level_padding_left":"0px","panel_third_level_padding_right":"0px","panel_third_level_padding_top":"5px","panel_third_level_padding_bottom":"5px","panel_third_level_margin_left":"0px","panel_third_level_margin_right":"0px","panel_third_level_margin_top":"0px","panel_third_level_margin_bottom":"0px","panel_third_level_border_color":"rgba(0,0,0,0)","panel_third_level_border_color_hover":"rgba(0,0,0,0)","panel_third_level_border_left":"0px","panel_third_level_border_right":"0px","panel_third_level_border_top":"0px","panel_third_level_border_bottom":"0px","flyout_width":"100%","flyout_menu_background_from":"rgb(255, 255, 255)","flyout_menu_background_to":"rgb(255, 255, 255)","flyout_border_color":"rgba(198, 35, 35, 0)","flyout_border_left":"0px","flyout_border_right":"0px","flyout_border_top":"0px","flyout_border_bottom":"0px","flyout_border_radius_top_left":"0px","flyout_border_radius_top_right":"0px","flyout_border_radius_bottom_left":"0px","flyout_border_radius_bottom_right":"0px","flyout_menu_item_divider":"off","flyout_menu_item_divider_color":"rgb(237, 237, 237)","flyout_padding_top":"0px","flyout_padding_right":"0px","flyout_padding_bottom":"0px","flyout_padding_left":"0px","flyout_link_padding_left":"0px","flyout_link_padding_right":"0px","flyout_link_padding_top":"5px","flyout_link_padding_bottom":"5px","flyout_link_weight":"300","flyout_link_weight_hover":"300","flyout_link_height":"20px","flyout_link_text_decoration":"none","flyout_link_text_decoration_hover":"none","flyout_background_from":"rgb(255, 255, 255)","flyout_background_to":"rgb(255, 255, 255)","flyout_background_hover_from":"rgb(255, 255, 255)","flyout_background_hover_to":"rgb(255, 255, 255)","flyout_link_size":"16px","flyout_link_color":"rgb(69, 84, 94)","flyout_link_color_hover":"rgb(42, 21, 160)","flyout_link_family":"inherit","flyout_link_text_transform":"none","responsive_breakpoint":"900px","responsive_text":"MENU","line_height":"1.7","z_index":"999","shadow":"on","shadow_horizontal":"0px","shadow_vertical":"2px","shadow_blur":"20px","shadow_spread":"0px","shadow_color":"rgba(0, 0, 0, 0.15)","transitions":"on","keyboard_highlight_color":"#109cde","keyboard_highlight_width":"3px","keyboard_highlight_offset":"-3px","resets":"on","mobile_columns":"2","toggle_background_from":"rgba(255, 255, 255, 0)","toggle_background_to":"rgba(255, 255, 255, 0)","toggle_font_color":"rgb(221, 221, 221)","toggle_bar_height":"40px","toggle_bar_border_radius_top_left":"2px","toggle_bar_border_radius_top_right":"2px","toggle_bar_border_radius_bottom_left":"2px","toggle_bar_border_radius_bottom_right":"2px","mobile_menu_padding_left":"0px","mobile_menu_padding_right":"0px","mobile_menu_padding_top":"0px","mobile_menu_padding_bottom":"0px","mobile_menu_item_height":"40px","mobile_menu_overlay":"off","mobile_menu_force_width":"off","mobile_menu_force_width_selector":"body","mobile_background_from":"rgba(255, 255, 255, 0)","mobile_background_to":"rgba(255, 255, 255, 0)","mobile_menu_item_link_font_size":"16px","mobile_menu_item_link_color":"rgb(69, 84, 94)","mobile_menu_item_link_text_align":"right","mobile_menu_item_link_color_hover":"rgb(42, 21, 160)","mobile_menu_item_background_hover_from":"rgba(255, 255, 255, 0)","mobile_menu_item_background_hover_to":"rgba(198, 35, 35, 0)","mobile_menu_off_canvas_width":"300px","disable_mobile_toggle":"off","custom_css":"#{$wrap} #{$menu} {\r\n    /** Custom styles should be added below this line **/\r\n}\r\n#{$wrap} { \r\n    clear: both;\r\n}\r\n\r\n#{$wrap} #{$menu} .widget_product_categories ul.product-categories li a {\r\n    transition: initial !important;\r\n}\r\n\r\n\r\n"}},"settings":{"taptap-by-bonfire":{"event":"hover","effect":"disabled","theme":"default"},"menu-header":{"enabled":"1","event":"hover","effect":"slide","effect_speed":"200","theme":"default"},"css":"head","second_click":"go","mobile_behaviour":"accordion","vamtam-mobile-top-bar":"[fl_builder_insert_layout slug=\\\"top-header-2\\\"]","vamtam-mobile-search":"on","vamtam-mobile-cart":"off","one-page-menu":{"enabled":"1","event":"hover","effect":"disabled","theme":"default"},"descriptions":"enabled","instances":{"menu-header":"0","overlay-menu":"0"},"fonts":{"custom":""},"unbind":"enabled","prefix":"enabled","overlay-menu":{"enabled":"1","event":"hover","effect":"fade_up","effect_speed":"200","theme":"custom_theme_2"},"menu-top":{"event":"hover","effect":"fade_up","effect_speed":"200","theme":"custom_theme_4"}}}